"","title","mn","mn5","status","trend","delta","Z","guage"
"5","Apple",1.59270129874707,2.90101557171049,"greater than","significantly",1.6129107107231,0.664394278849425,97
"51","Banana",-3.9475087016586,-6.9475087016586,"less than","",1.26965795027745,-0.947274648855209,8
"52","Cucumber",15.5464863533922,28.0497352385372,"greater than","",3.81127296882916,-5.01491057510092,90
"53","Dog",1.14924784365222,1.93650077614243,"greater than","",0.0260152548474757,-0.61479901127254,80
"54","Elephant",-12.668632238817,-23.1721820069985,"less than","",3.99016164102591,-3.18590360162288,9
