"","title","Range1","Range2","Range3","Range4","Range5","Range6","Marker","Value","Min"
"1","Apple","-0.0134268457240103","0.224957668804305","0.769236559466972","2.45599109958915","2.83181153827439","3.02009066097409","1.5927","-0.292541641473133","Apple"
"2","Banana","-7.40890378432504","-7.20128942340281","-5.76927151931553","-2.13679606241738","-0.695309057884291","-0.495582719437973","-3.94751","-7.6183521818393","Banana"
"3","Cucumber","1.80252562615625","2.74277151220265","8.5488655267095","23.1487208880421","28.9088679323127","29.6479052307771","15.54649","0.929040821944195","Cucumber"
"4","Dog","0.165540649251857","0.310330150348781","0.581505729771302","1.67594652548288","2.00053742036624","2.07492052248607","1.14925","0.0207511481549322","Dog"
"5","Elephant","-23.9435407817515","-23.5449586837092","-18.7722438091625","-6.83170360302873","-2.14928280738943","-1.38811807823383","-12.66863","-24.48173177082","Elephant"
